file,episode,blue_step,blue_action,cf_tag,changed
cc2_remove_meander,,8,Remove User1,same_type_step+1,0
cc2_remove_meander,,8,Remove User1,downgrade_type,1
cc2_remove_meander,,8,Remove User1,unrelated_type,1
cc2_remove_meander,,14,Remove User3,same_type_step+1,0
cc2_remove_meander,,14,Remove User3,downgrade_type,1
cc2_remove_meander,,14,Remove User3,unrelated_type,1
cc2_remove_meander,,16,Remove User3,same_type_step+1,0
cc2_remove_meander,,16,Remove User3,downgrade_type,1
cc2_remove_meander,,16,Remove User3,unrelated_type,1
cc2_remove_meander,,18,Remove User4,same_type_step+1,0
cc2_remove_meander,,18,Remove User4,downgrade_type,1
cc2_remove_meander,,18,Remove User4,unrelated_type,1
cc2_remove_meander,,20,Remove Enterprise1,same_type_step+1,0
cc2_remove_meander,,20,Remove Enterprise1,downgrade_type,1
cc2_remove_meander,,20,Remove Enterprise1,unrelated_type,1
cc2_remove_meander,,26,Remove User3,same_type_step+1,0
cc2_remove_meander,,26,Remove User3,downgrade_type,1
cc2_remove_meander,,26,Remove User3,unrelated_type,1
cc2_remove_meander,,28,Remove Enterprise2,same_type_step+1,0
cc2_remove_meander,,28,Remove Enterprise2,downgrade_type,1
cc2_remove_meander,,28,Remove Enterprise2,unrelated_type,1
cc2_remove_meander,,30,Remove User3,same_type_step+1,0
cc2_remove_meander,,30,Remove User3,downgrade_type,1
cc2_remove_meander,,30,Remove User3,unrelated_type,1
cc2_remove_meander,,32,Remove User4,same_type_step+1,0
cc2_remove_meander,,32,Remove User4,downgrade_type,1
cc2_remove_meander,,32,Remove User4,unrelated_type,1
cc2_remove_meander,,45,Remove Enterprise0,same_type_step+1,0
cc2_remove_meander,,45,Remove Enterprise0,downgrade_type,1
cc2_remove_meander,,45,Remove Enterprise0,unrelated_type,1
cc2_remove_meander,,47,Remove User1,same_type_step+1,0
cc2_remove_meander,,47,Remove User1,downgrade_type,1
cc2_remove_meander,,47,Remove User1,unrelated_type,1
cc2_remove_meander,,49,Remove Enterprise2,same_type_step+1,0
cc2_remove_meander,,49,Remove Enterprise2,downgrade_type,1
cc2_remove_meander,,49,Remove Enterprise2,unrelated_type,1
cc2_remove_meander,,51,Remove User3,same_type_step+1,0
cc2_remove_meander,,51,Remove User3,downgrade_type,1
cc2_remove_meander,,51,Remove User3,unrelated_type,1
cc2_remove_meander,,53,Remove User1,same_type_step+1,0
cc2_remove_meander,,53,Remove User1,downgrade_type,1
cc2_remove_meander,,53,Remove User1,unrelated_type,1
cc2_remove_meander,,55,Remove User1,same_type_step+1,0
cc2_remove_meander,,55,Remove User1,downgrade_type,1
cc2_remove_meander,,55,Remove User1,unrelated_type,1
cc2_remove_meander,,57,Remove User3,same_type_step+1,0
cc2_remove_meander,,57,Remove User3,downgrade_type,1
cc2_remove_meander,,57,Remove User3,unrelated_type,1
cc2_remove_meander,,59,Remove Enterprise2,same_type_step+1,0
cc2_remove_meander,,59,Remove Enterprise2,downgrade_type,1
cc2_remove_meander,,59,Remove Enterprise2,unrelated_type,1
cc2_remove_meander,,61,Remove User3,same_type_step+1,0
cc2_remove_meander,,61,Remove User3,downgrade_type,1
cc2_remove_meander,,61,Remove User3,unrelated_type,1
cc2_remove_meander,,70,Remove Enterprise2,same_type_step+1,0
cc2_remove_meander,,70,Remove Enterprise2,downgrade_type,1
cc2_remove_meander,,70,Remove Enterprise2,unrelated_type,1
cc2_remove_meander,,72,Remove User1,same_type_step+1,0
cc2_remove_meander,,72,Remove User1,downgrade_type,1
cc2_remove_meander,,72,Remove User1,unrelated_type,1
cc2_remove_meander,,74,Remove Enterprise2,same_type_step+1,0
cc2_remove_meander,,74,Remove Enterprise2,downgrade_type,1
cc2_remove_meander,,74,Remove Enterprise2,unrelated_type,1
cc2_remove_meander,,76,Remove User1,same_type_step+1,0
cc2_remove_meander,,76,Remove User1,downgrade_type,1
cc2_remove_meander,,76,Remove User1,unrelated_type,1
cc2_remove_meander,,78,Remove Enterprise2,same_type_step+1,0
cc2_remove_meander,,78,Remove Enterprise2,downgrade_type,1
cc2_remove_meander,,78,Remove Enterprise2,unrelated_type,1
cc2_remove_meander,,81,Remove User3,same_type_step+1,0
cc2_remove_meander,,81,Remove User3,downgrade_type,1
cc2_remove_meander,,81,Remove User3,unrelated_type,1
cc2_remove_meander,,83,Remove User1,same_type_step+1,0
cc2_remove_meander,,83,Remove User1,downgrade_type,1
cc2_remove_meander,,83,Remove User1,unrelated_type,1
cc2_remove_meander,,85,Remove Op_Server0,same_type_step+1,0
cc2_remove_meander,,85,Remove Op_Server0,downgrade_type,1
cc2_remove_meander,,85,Remove Op_Server0,unrelated_type,1
cc2_restore_meander,,8,Restore User1,same_type_step+1,0
cc2_restore_meander,,8,Restore User1,downgrade_type,1
cc2_restore_meander,,8,Restore User1,unrelated_type,1
cc2_restore_meander,,14,Restore User3,same_type_step+1,0
cc2_restore_meander,,14,Restore User3,downgrade_type,1
cc2_restore_meander,,14,Restore User3,unrelated_type,1
cc2_restore_meander,,16,Restore User3,same_type_step+1,0
cc2_restore_meander,,16,Restore User3,downgrade_type,1
cc2_restore_meander,,16,Restore User3,unrelated_type,1
cc2_restore_meander,,18,Restore User4,same_type_step+1,0
cc2_restore_meander,,18,Restore User4,downgrade_type,1
cc2_restore_meander,,18,Restore User4,unrelated_type,1
cc2_restore_meander,,20,Restore Enterprise1,same_type_step+1,0
cc2_restore_meander,,20,Restore Enterprise1,downgrade_type,1
cc2_restore_meander,,20,Restore Enterprise1,unrelated_type,1
cc2_restore_meander,,22,Restore User3,same_type_step+1,0
cc2_restore_meander,,22,Restore User3,downgrade_type,1
cc2_restore_meander,,22,Restore User3,unrelated_type,1
cc2_restore_meander,,24,Restore User4,same_type_step+1,0
cc2_restore_meander,,24,Restore User4,downgrade_type,1
cc2_restore_meander,,24,Restore User4,unrelated_type,1
cc2_restore_meander,,26,Restore User4,same_type_step+1,0
cc2_restore_meander,,26,Restore User4,downgrade_type,1
cc2_restore_meander,,26,Restore User4,unrelated_type,1
cc2_restore_meander,,28,Restore User1,same_type_step+1,0
cc2_restore_meander,,28,Restore User1,downgrade_type,1
cc2_restore_meander,,28,Restore User1,unrelated_type,1
cc2_restore_meander,,30,Restore User4,same_type_step+1,0
cc2_restore_meander,,30,Restore User4,downgrade_type,1
cc2_restore_meander,,30,Restore User4,unrelated_type,1
cc2_restore_meander,,32,Restore User3,same_type_step+1,0
cc2_restore_meander,,32,Restore User3,downgrade_type,1
cc2_restore_meander,,32,Restore User3,unrelated_type,1
cc2_restore_meander,,34,Restore User4,same_type_step+1,0
cc2_restore_meander,,34,Restore User4,downgrade_type,1
cc2_restore_meander,,34,Restore User4,unrelated_type,1
cc2_restore_meander,,36,Restore User1,same_type_step+1,0
cc2_restore_meander,,36,Restore User1,downgrade_type,1
cc2_restore_meander,,36,Restore User1,unrelated_type,1
cc2_restore_meander,,38,Restore User3,same_type_step+1,0
cc2_restore_meander,,38,Restore User3,downgrade_type,1
cc2_restore_meander,,38,Restore User3,unrelated_type,1
cc2_restore_meander,,40,Restore User1,same_type_step+1,0
cc2_restore_meander,,40,Restore User1,downgrade_type,1
cc2_restore_meander,,40,Restore User1,unrelated_type,1
cc2_restore_meander,,42,Restore Enterprise1,same_type_step+1,0
cc2_restore_meander,,42,Restore Enterprise1,downgrade_type,1
cc2_restore_meander,,42,Restore Enterprise1,unrelated_type,1
cc2_restore_meander,,44,Restore User1,same_type_step+1,0
cc2_restore_meander,,44,Restore User1,downgrade_type,1
cc2_restore_meander,,44,Restore User1,unrelated_type,1
cc2_restore_meander,,50,Restore User3,same_type_step+1,0
cc2_restore_meander,,50,Restore User3,downgrade_type,1
cc2_restore_meander,,50,Restore User3,unrelated_type,1
cc2_restore_meander,,52,Restore User1,same_type_step+1,0
cc2_restore_meander,,52,Restore User1,downgrade_type,1
cc2_restore_meander,,52,Restore User1,unrelated_type,1
cc2_restore_meander,,54,Restore Enterprise1,same_type_step+1,0
cc2_restore_meander,,54,Restore Enterprise1,downgrade_type,1
cc2_restore_meander,,54,Restore Enterprise1,unrelated_type,1
cc2_restore_meander,,56,Restore User1,same_type_step+1,0
cc2_restore_meander,,56,Restore User1,downgrade_type,1
cc2_restore_meander,,56,Restore User1,unrelated_type,1
cc2_restore_meander,,58,Restore User4,same_type_step+1,0
cc2_restore_meander,,58,Restore User4,downgrade_type,1
cc2_restore_meander,,58,Restore User4,unrelated_type,1
cc2_restore_meander,,60,Restore User4,same_type_step+1,0
cc2_restore_meander,,60,Restore User4,downgrade_type,1
cc2_restore_meander,,60,Restore User4,unrelated_type,1
cc2_restore_meander,,62,Restore User3,same_type_step+1,0
cc2_restore_meander,,62,Restore User3,downgrade_type,1
cc2_restore_meander,,62,Restore User3,unrelated_type,1
cc2_restore_meander,,64,Restore User1,same_type_step+1,0
cc2_restore_meander,,64,Restore User1,downgrade_type,1
cc2_restore_meander,,64,Restore User1,unrelated_type,1
cc2_restore_meander,,72,Restore User3,same_type_step+1,0
cc2_restore_meander,,72,Restore User3,downgrade_type,1
cc2_restore_meander,,72,Restore User3,unrelated_type,1
cc2_restore_meander,,74,Restore Enterprise0,same_type_step+1,0
cc2_restore_meander,,74,Restore Enterprise0,downgrade_type,1
cc2_restore_meander,,74,Restore Enterprise0,unrelated_type,1
cc2_restore_meander,,76,Restore Enterprise0,same_type_step+1,0
cc2_restore_meander,,76,Restore Enterprise0,downgrade_type,1
cc2_restore_meander,,76,Restore Enterprise0,unrelated_type,1
cc2_restore_meander,,78,Restore User1,same_type_step+1,0
cc2_restore_meander,,78,Restore User1,downgrade_type,1
cc2_restore_meander,,78,Restore User1,unrelated_type,1
cc2_restore_meander,,89,Restore User1,same_type_step+1,0
cc2_restore_meander,,89,Restore User1,downgrade_type,1
cc2_restore_meander,,89,Restore User1,unrelated_type,1
cc2_restore_meander,,91,Restore Enterprise0,same_type_step+1,0
cc2_restore_meander,,91,Restore Enterprise0,downgrade_type,1
cc2_restore_meander,,91,Restore Enterprise0,unrelated_type,1
cc2_restore_meander,,98,Restore User1,same_type_step+1,0
cc2_restore_meander,,98,Restore User1,downgrade_type,1
cc2_restore_meander,,98,Restore User1,unrelated_type,1
cc2_restore_meander,,100,Restore Enterprise0,same_type_step+1,0
cc2_restore_meander,,100,Restore Enterprise0,downgrade_type,1
cc2_restore_meander,,100,Restore Enterprise0,unrelated_type,1
cc2_restore_meander,,102,Restore Enterprise2,same_type_step+1,0
cc2_restore_meander,,102,Restore Enterprise2,downgrade_type,1
cc2_restore_meander,,102,Restore Enterprise2,unrelated_type,1
cc2_restore_meander,,109,Restore Enterprise2,same_type_step+1,0
cc2_restore_meander,,109,Restore Enterprise2,downgrade_type,1
cc2_restore_meander,,109,Restore Enterprise2,unrelated_type,1
cc2_restore_meander,,111,Restore User4,same_type_step+1,0
cc2_restore_meander,,111,Restore User4,downgrade_type,1
cc2_restore_meander,,111,Restore User4,unrelated_type,1
cc2_restore_meander,,113,Restore User3,same_type_step+1,0
cc2_restore_meander,,113,Restore User3,downgrade_type,1
cc2_restore_meander,,113,Restore User3,unrelated_type,1
cc2_restore_meander,,115,Restore User4,same_type_step+1,0
cc2_restore_meander,,115,Restore User4,downgrade_type,1
cc2_restore_meander,,115,Restore User4,unrelated_type,1
cc2_restore_meander,,117,Restore Enterprise2,same_type_step+1,0
cc2_restore_meander,,117,Restore Enterprise2,downgrade_type,1
cc2_restore_meander,,117,Restore Enterprise2,unrelated_type,1
cc2_restore_meander,,119,Restore Enterprise2,same_type_step+1,0
cc2_restore_meander,,119,Restore Enterprise2,downgrade_type,1
cc2_restore_meander,,119,Restore Enterprise2,unrelated_type,1
cc2_restore_meander,,121,Restore User4,same_type_step+1,0
cc2_restore_meander,,121,Restore User4,downgrade_type,1
cc2_restore_meander,,121,Restore User4,unrelated_type,1
cc2_restore_meander,,123,Restore User4,same_type_step+1,0
cc2_restore_meander,,123,Restore User4,downgrade_type,1
cc2_restore_meander,,123,Restore User4,unrelated_type,1
cc2_restore_meander,,125,Restore Enterprise0,same_type_step+1,0
cc2_restore_meander,,125,Restore Enterprise0,downgrade_type,1
cc2_restore_meander,,125,Restore Enterprise0,unrelated_type,1
cc2_restore_meander,,127,Restore User1,same_type_step+1,0
cc2_restore_meander,,127,Restore User1,downgrade_type,1
cc2_restore_meander,,127,Restore User1,unrelated_type,1
cc2_restore_meander,,129,Restore User1,same_type_step+1,0
cc2_restore_meander,,129,Restore User1,downgrade_type,1
cc2_restore_meander,,129,Restore User1,unrelated_type,1
cc2_restore_meander,,131,Restore Enterprise0,same_type_step+1,0
cc2_restore_meander,,131,Restore Enterprise0,downgrade_type,1
cc2_restore_meander,,131,Restore Enterprise0,unrelated_type,1
cc2_restore_meander,,133,Restore Enterprise2,same_type_step+1,0
cc2_restore_meander,,133,Restore Enterprise2,downgrade_type,1
cc2_restore_meander,,133,Restore Enterprise2,unrelated_type,1
cc2_restore_meander,,135,Restore User3,same_type_step+1,0
cc2_restore_meander,,135,Restore User3,downgrade_type,1
cc2_restore_meander,,135,Restore User3,unrelated_type,1
cc2_restore_meander,,137,Restore User1,same_type_step+1,0
cc2_restore_meander,,137,Restore User1,downgrade_type,1
cc2_restore_meander,,137,Restore User1,unrelated_type,1
cc2_restore_meander,,139,Restore Enterprise0,same_type_step+1,0
cc2_restore_meander,,139,Restore Enterprise0,downgrade_type,1
cc2_restore_meander,,139,Restore Enterprise0,unrelated_type,1
cc2_restore_meander,,141,Restore Enterprise0,same_type_step+1,0
cc2_restore_meander,,141,Restore Enterprise0,downgrade_type,1
cc2_restore_meander,,141,Restore Enterprise0,unrelated_type,1
cc2_restore_meander,,143,Restore User3,same_type_step+1,0
cc2_restore_meander,,143,Restore User3,downgrade_type,1
cc2_restore_meander,,143,Restore User3,unrelated_type,1
cc2_restore_meander,,150,Restore User1,same_type_step+1,0
cc2_restore_meander,,150,Restore User1,downgrade_type,1
cc2_restore_meander,,150,Restore User1,unrelated_type,1
cc2_restore_meander,,152,Restore User4,same_type_step+1,0
cc2_restore_meander,,152,Restore User4,downgrade_type,1
cc2_restore_meander,,152,Restore User4,unrelated_type,1
cc2_restore_meander,,154,Restore Enterprise0,same_type_step+1,0
cc2_restore_meander,,154,Restore Enterprise0,downgrade_type,1
cc2_restore_meander,,154,Restore Enterprise0,unrelated_type,1
cc2_restore_meander,,156,Restore User4,same_type_step+1,0
cc2_restore_meander,,156,Restore User4,downgrade_type,1
cc2_restore_meander,,156,Restore User4,unrelated_type,1
cc2_restore_meander,,158,Restore Enterprise2,same_type_step+1,0
cc2_restore_meander,,158,Restore Enterprise2,downgrade_type,1
cc2_restore_meander,,158,Restore Enterprise2,unrelated_type,1
cc2_restore_meander,,160,Restore Enterprise0,same_type_step+1,0
cc2_restore_meander,,160,Restore Enterprise0,downgrade_type,1
cc2_restore_meander,,160,Restore Enterprise0,unrelated_type,1
cc2_restore_meander,,167,Restore Enterprise0,same_type_step+1,0
cc2_restore_meander,,167,Restore Enterprise0,downgrade_type,1
cc2_restore_meander,,167,Restore Enterprise0,unrelated_type,1
cc2_restore_meander,,169,Restore Enterprise2,same_type_step+1,0
cc2_restore_meander,,169,Restore Enterprise2,downgrade_type,1
cc2_restore_meander,,169,Restore Enterprise2,unrelated_type,1
cc2_restore_meander,,171,Restore User1,same_type_step+1,0
cc2_restore_meander,,171,Restore User1,downgrade_type,1
cc2_restore_meander,,171,Restore User1,unrelated_type,1
cc2_restore_meander,,173,Restore Enterprise2,same_type_step+1,0
cc2_restore_meander,,173,Restore Enterprise2,downgrade_type,1
cc2_restore_meander,,173,Restore Enterprise2,unrelated_type,1
cc2_restore_meander,,175,Restore Enterprise0,same_type_step+1,0
cc2_restore_meander,,175,Restore Enterprise0,downgrade_type,1
cc2_restore_meander,,175,Restore Enterprise0,unrelated_type,1
cc2_restore_meander,,177,Restore User3,same_type_step+1,0
cc2_restore_meander,,177,Restore User3,downgrade_type,1
cc2_restore_meander,,177,Restore User3,unrelated_type,1
cc2_restore_meander,,179,Restore Enterprise2,same_type_step+1,0
cc2_restore_meander,,179,Restore Enterprise2,downgrade_type,1
cc2_restore_meander,,179,Restore Enterprise2,unrelated_type,1
cc2_restore_meander,,181,Restore Enterprise0,same_type_step+1,0
cc2_restore_meander,,181,Restore Enterprise0,downgrade_type,1
cc2_restore_meander,,181,Restore Enterprise0,unrelated_type,1
cc2_restore_meander,,183,Restore User4,same_type_step+1,0
cc2_restore_meander,,183,Restore User4,downgrade_type,1
cc2_restore_meander,,183,Restore User4,unrelated_type,1
cc2_restore_meander,,187,Restore User3,same_type_step+1,0
cc2_restore_meander,,187,Restore User3,downgrade_type,1
cc2_restore_meander,,187,Restore User3,unrelated_type,1
cc2_restore_meander,,189,Restore Enterprise0,same_type_step+1,0
cc2_restore_meander,,189,Restore Enterprise0,downgrade_type,1
cc2_restore_meander,,189,Restore Enterprise0,unrelated_type,1
cc2_restore_meander,,191,Restore Enterprise2,same_type_step+1,0
cc2_restore_meander,,191,Restore Enterprise2,downgrade_type,1
cc2_restore_meander,,191,Restore Enterprise2,unrelated_type,1
cc2_restore_meander,,193,Restore User1,same_type_step+1,0
cc2_restore_meander,,193,Restore User1,downgrade_type,1
cc2_restore_meander,,193,Restore User1,unrelated_type,1
cc2_restore_meander,,195,Restore Enterprise0,same_type_step+1,0
cc2_restore_meander,,195,Restore Enterprise0,downgrade_type,1
cc2_restore_meander,,195,Restore Enterprise0,unrelated_type,1
cc2_restore_meander,,197,Restore User1,same_type_step+1,0
cc2_restore_meander,,197,Restore User1,downgrade_type,1
cc2_restore_meander,,197,Restore User1,unrelated_type,1
cc2_restore_meander,,205,Restore Enterprise2,same_type_step+1,0
cc2_restore_meander,,205,Restore Enterprise2,downgrade_type,1
cc2_restore_meander,,205,Restore Enterprise2,unrelated_type,1
cc2_restore_meander,,207,Restore Enterprise0,same_type_step+1,0
cc2_restore_meander,,207,Restore Enterprise0,downgrade_type,1
cc2_restore_meander,,207,Restore Enterprise0,unrelated_type,1
cc2_restore_meander,,209,Restore User1,same_type_step+1,0
cc2_restore_meander,,209,Restore User1,downgrade_type,1
cc2_restore_meander,,209,Restore User1,unrelated_type,1
cc2_restore_meander,,211,Restore User1,same_type_step+1,0
cc2_restore_meander,,211,Restore User1,downgrade_type,1
cc2_restore_meander,,211,Restore User1,unrelated_type,1
cc2_restore_meander,,213,Restore Enterprise0,same_type_step+1,0
cc2_restore_meander,,213,Restore Enterprise0,downgrade_type,1
cc2_restore_meander,,213,Restore Enterprise0,unrelated_type,1
cc2_restore_meander,,215,Restore Enterprise0,same_type_step+1,0
cc2_restore_meander,,215,Restore Enterprise0,downgrade_type,1
cc2_restore_meander,,215,Restore Enterprise0,unrelated_type,1
cc2_restore_meander,,217,Restore User1,same_type_step+1,0
cc2_restore_meander,,217,Restore User1,downgrade_type,1
cc2_restore_meander,,217,Restore User1,unrelated_type,1
cc2_restore_meander,,219,Restore Enterprise2,same_type_step+1,0
cc2_restore_meander,,219,Restore Enterprise2,downgrade_type,1
cc2_restore_meander,,219,Restore Enterprise2,unrelated_type,1
cc2_restore_meander,,221,Restore Enterprise0,same_type_step+1,0
cc2_restore_meander,,221,Restore Enterprise0,downgrade_type,1
cc2_restore_meander,,221,Restore Enterprise0,unrelated_type,1
cc2_restore_meander,,223,Restore User3,same_type_step+1,0
cc2_restore_meander,,223,Restore User3,downgrade_type,1
cc2_restore_meander,,223,Restore User3,unrelated_type,1
cc2_restore_meander,,225,Restore Enterprise2,same_type_step+1,0
cc2_restore_meander,,225,Restore Enterprise2,downgrade_type,1
cc2_restore_meander,,225,Restore Enterprise2,unrelated_type,1
cc2_restore_meander,,227,Restore Enterprise2,same_type_step+1,0
cc2_restore_meander,,227,Restore Enterprise2,downgrade_type,1
cc2_restore_meander,,227,Restore Enterprise2,unrelated_type,1
cc2_restore_meander,,229,Restore Enterprise2,same_type_step+1,0
cc2_restore_meander,,229,Restore Enterprise2,downgrade_type,1
cc2_restore_meander,,229,Restore Enterprise2,unrelated_type,1
cc2_restore_meander,,231,Restore User3,same_type_step+1,0
cc2_restore_meander,,231,Restore User3,downgrade_type,1
cc2_restore_meander,,231,Restore User3,unrelated_type,1
cc2_restore_meander,,233,Restore Enterprise0,same_type_step+1,0
cc2_restore_meander,,233,Restore Enterprise0,downgrade_type,1
cc2_restore_meander,,233,Restore Enterprise0,unrelated_type,1
cc2_restore_meander,,235,Restore User3,same_type_step+1,0
cc2_restore_meander,,235,Restore User3,downgrade_type,1
cc2_restore_meander,,235,Restore User3,unrelated_type,1
cc2_restore_meander,,237,Restore Enterprise2,same_type_step+1,0
cc2_restore_meander,,237,Restore Enterprise2,downgrade_type,1
cc2_restore_meander,,237,Restore Enterprise2,unrelated_type,1
cc2_restore_meander,,245,Restore Enterprise0,same_type_step+1,0
cc2_restore_meander,,245,Restore Enterprise0,downgrade_type,1
cc2_restore_meander,,245,Restore Enterprise0,unrelated_type,1
cc2_restore_meander,,247,Restore User3,same_type_step+1,0
cc2_restore_meander,,247,Restore User3,downgrade_type,1
cc2_restore_meander,,247,Restore User3,unrelated_type,1
cc2_restore_meander,,261,Restore Enterprise2,same_type_step+1,0
cc2_restore_meander,,261,Restore Enterprise2,downgrade_type,1
cc2_restore_meander,,261,Restore Enterprise2,unrelated_type,1
cc2_restore_meander,,263,Restore Enterprise2,same_type_step+1,0
cc2_restore_meander,,263,Restore Enterprise2,downgrade_type,1
cc2_restore_meander,,263,Restore Enterprise2,unrelated_type,1
cc2_restore_meander,,265,Restore User1,same_type_step+1,0
cc2_restore_meander,,265,Restore User1,downgrade_type,1
cc2_restore_meander,,265,Restore User1,unrelated_type,1
cc2_restore_meander,,267,Restore Enterprise0,same_type_step+1,0
cc2_restore_meander,,267,Restore Enterprise0,downgrade_type,1
cc2_restore_meander,,267,Restore Enterprise0,unrelated_type,1
cc2_restore_meander,,269,Restore User1,same_type_step+1,0
cc2_restore_meander,,269,Restore User1,downgrade_type,1
cc2_restore_meander,,269,Restore User1,unrelated_type,1
cc2_restore_meander,,277,Restore Enterprise2,same_type_step+1,0
cc2_restore_meander,,277,Restore Enterprise2,downgrade_type,1
cc2_restore_meander,,277,Restore Enterprise2,unrelated_type,1
cc2_restore_meander,,279,Restore Enterprise0,same_type_step+1,0
cc2_restore_meander,,279,Restore Enterprise0,downgrade_type,1
cc2_restore_meander,,279,Restore Enterprise0,unrelated_type,1
cc2_restore_meander,,287,Restore Enterprise0,same_type_step+1,0
cc2_restore_meander,,287,Restore Enterprise0,downgrade_type,1
cc2_restore_meander,,287,Restore Enterprise0,unrelated_type,1
cc2_restore_meander,,289,Restore Enterprise2,same_type_step+1,0
cc2_restore_meander,,289,Restore Enterprise2,downgrade_type,1
cc2_restore_meander,,289,Restore Enterprise2,unrelated_type,1
cc2_restore_meander,,291,Restore User3,same_type_step+1,0
cc2_restore_meander,,291,Restore User3,downgrade_type,1
cc2_restore_meander,,291,Restore User3,unrelated_type,1
cc2_restore_meander,,299,Restore Enterprise0,same_type_step+1,0
cc2_restore_meander,,299,Restore Enterprise0,downgrade_type,1
cc2_restore_meander,,299,Restore Enterprise0,unrelated_type,1
cc2_remove_bline,,3,Remove User3,same_type_step+1,0
cc2_remove_bline,,3,Remove User3,downgrade_type,1
cc2_remove_bline,,3,Remove User3,unrelated_type,1
cc2_remove_bline,,5,Remove User3,same_type_step+1,0
cc2_remove_bline,,5,Remove User3,downgrade_type,1
cc2_remove_bline,,5,Remove User3,unrelated_type,1
cc2_remove_bline,,8,Remove User3,same_type_step+1,0
cc2_remove_bline,,8,Remove User3,downgrade_type,1
cc2_remove_bline,,8,Remove User3,unrelated_type,1
cc2_remove_bline,,10,Remove User3,same_type_step+1,0
cc2_remove_bline,,10,Remove User3,downgrade_type,1
cc2_remove_bline,,10,Remove User3,unrelated_type,1
cc2_remove_bline,,13,Remove User3,same_type_step+1,0
cc2_remove_bline,,13,Remove User3,downgrade_type,1
cc2_remove_bline,,13,Remove User3,unrelated_type,1
cc2_remove_bline,,15,Remove User3,same_type_step+1,0
cc2_remove_bline,,15,Remove User3,downgrade_type,1
cc2_remove_bline,,15,Remove User3,unrelated_type,1
cc2_remove_bline,,17,Remove User3,same_type_step+1,0
cc2_remove_bline,,17,Remove User3,downgrade_type,1
cc2_remove_bline,,17,Remove User3,unrelated_type,1
cc2_remove_bline,,20,Remove User3,same_type_step+1,0
cc2_remove_bline,,20,Remove User3,downgrade_type,1
cc2_remove_bline,,20,Remove User3,unrelated_type,1
cc2_remove_bline,,22,Remove User3,same_type_step+1,0
cc2_remove_bline,,22,Remove User3,downgrade_type,1
cc2_remove_bline,,22,Remove User3,unrelated_type,1
cc2_remove_bline,,24,Remove User3,same_type_step+1,0
cc2_remove_bline,,24,Remove User3,downgrade_type,1
cc2_remove_bline,,24,Remove User3,unrelated_type,1
cc2_remove_bline,,27,Remove User3,same_type_step+1,0
cc2_remove_bline,,27,Remove User3,downgrade_type,1
cc2_remove_bline,,27,Remove User3,unrelated_type,1
cc2_remove_bline,,29,Remove User3,same_type_step+1,0
cc2_remove_bline,,29,Remove User3,downgrade_type,1
cc2_remove_bline,,29,Remove User3,unrelated_type,1
cc2_remove_bline,,31,Remove User3,same_type_step+1,0
cc2_remove_bline,,31,Remove User3,downgrade_type,1
cc2_remove_bline,,31,Remove User3,unrelated_type,1
cc2_remove_bline,,34,Remove User3,same_type_step+1,0
cc2_remove_bline,,34,Remove User3,downgrade_type,1
cc2_remove_bline,,34,Remove User3,unrelated_type,1
cc2_remove_bline,,36,Remove User3,same_type_step+1,0
cc2_remove_bline,,36,Remove User3,downgrade_type,1
cc2_remove_bline,,36,Remove User3,unrelated_type,1
cc2_remove_bline,,38,Remove User3,same_type_step+1,0
cc2_remove_bline,,38,Remove User3,downgrade_type,1
cc2_remove_bline,,38,Remove User3,unrelated_type,1
cc2_remove_bline,,42,Remove User3,same_type_step+1,0
cc2_remove_bline,,42,Remove User3,downgrade_type,1
cc2_remove_bline,,42,Remove User3,unrelated_type,1
cc2_remove_bline,,44,Remove User3,same_type_step+1,0
cc2_remove_bline,,44,Remove User3,downgrade_type,1
cc2_remove_bline,,44,Remove User3,unrelated_type,1
cc2_remove_bline,,52,Remove User3,same_type_step+1,0
cc2_remove_bline,,52,Remove User3,downgrade_type,1
cc2_remove_bline,,52,Remove User3,unrelated_type,1
cc2_remove_bline,,54,Remove User3,same_type_step+1,0
cc2_remove_bline,,54,Remove User3,downgrade_type,1
cc2_remove_bline,,54,Remove User3,unrelated_type,1
cc2_remove_bline,,56,Remove User3,same_type_step+1,0
cc2_remove_bline,,56,Remove User3,downgrade_type,1
cc2_remove_bline,,56,Remove User3,unrelated_type,1
cc2_remove_bline,,58,Remove User3,same_type_step+1,0
cc2_remove_bline,,58,Remove User3,downgrade_type,1
cc2_remove_bline,,58,Remove User3,unrelated_type,1
cc2_remove_bline,,61,Remove User3,same_type_step+1,0
cc2_remove_bline,,61,Remove User3,downgrade_type,1
cc2_remove_bline,,61,Remove User3,unrelated_type,1
cc2_remove_bline,,65,Remove User3,same_type_step+1,0
cc2_remove_bline,,65,Remove User3,downgrade_type,1
cc2_remove_bline,,65,Remove User3,unrelated_type,1
cc2_remove_bline,,67,Remove User3,same_type_step+1,0
cc2_remove_bline,,67,Remove User3,downgrade_type,1
cc2_remove_bline,,67,Remove User3,unrelated_type,1
cc2_remove_bline,,69,Remove User3,same_type_step+1,0
cc2_remove_bline,,69,Remove User3,downgrade_type,1
cc2_remove_bline,,69,Remove User3,unrelated_type,1
cc2_remove_bline,,71,Remove User3,same_type_step+1,0
cc2_remove_bline,,71,Remove User3,downgrade_type,1
cc2_remove_bline,,71,Remove User3,unrelated_type,1
cc2_remove_bline,,73,Remove User3,same_type_step+1,0
cc2_remove_bline,,73,Remove User3,downgrade_type,1
cc2_remove_bline,,73,Remove User3,unrelated_type,1
cc2_remove_bline,,75,Remove User3,same_type_step+1,0
cc2_remove_bline,,75,Remove User3,downgrade_type,1
cc2_remove_bline,,75,Remove User3,unrelated_type,1
cc2_remove_bline,,77,Remove User3,same_type_step+1,0
cc2_remove_bline,,77,Remove User3,downgrade_type,1
cc2_remove_bline,,77,Remove User3,unrelated_type,1
cc2_remove_bline,,79,Remove User3,same_type_step+1,0
cc2_remove_bline,,79,Remove User3,downgrade_type,1
cc2_remove_bline,,79,Remove User3,unrelated_type,1
cc2_remove_bline,,81,Remove User3,same_type_step+1,0
cc2_remove_bline,,81,Remove User3,downgrade_type,1
cc2_remove_bline,,81,Remove User3,unrelated_type,1
cc2_remove_bline,,83,Remove User3,same_type_step+1,0
cc2_remove_bline,,83,Remove User3,downgrade_type,1
cc2_remove_bline,,83,Remove User3,unrelated_type,1
cc2_remove_bline,,85,Remove User3,same_type_step+1,0
cc2_remove_bline,,85,Remove User3,downgrade_type,1
cc2_remove_bline,,85,Remove User3,unrelated_type,1
cc2_remove_bline,,89,Remove User3,same_type_step+1,0
cc2_remove_bline,,89,Remove User3,downgrade_type,1
cc2_remove_bline,,89,Remove User3,unrelated_type,1
cc2_remove_bline,,91,Remove User3,same_type_step+1,0
cc2_remove_bline,,91,Remove User3,downgrade_type,1
cc2_remove_bline,,91,Remove User3,unrelated_type,1
cc2_remove_bline,,93,Remove User3,same_type_step+1,0
cc2_remove_bline,,93,Remove User3,downgrade_type,1
cc2_remove_bline,,93,Remove User3,unrelated_type,1
cc2_remove_bline,,98,Remove Enterprise0,same_type_step+1,0
cc2_remove_bline,,98,Remove Enterprise0,downgrade_type,1
cc2_remove_bline,,98,Remove Enterprise0,unrelated_type,1
cc2_remove_bline,,102,Remove Enterprise2,same_type_step+1,0
cc2_remove_bline,,102,Remove Enterprise2,downgrade_type,1
cc2_remove_bline,,102,Remove Enterprise2,unrelated_type,1
cc2_remove_bline,,104,Remove Enterprise2,same_type_step+1,0
cc2_remove_bline,,104,Remove Enterprise2,downgrade_type,1
cc2_remove_bline,,104,Remove Enterprise2,unrelated_type,1
cc2_remove_bline,,106,Remove Enterprise2,same_type_step+1,0
cc2_remove_bline,,106,Remove Enterprise2,downgrade_type,1
cc2_remove_bline,,106,Remove Enterprise2,unrelated_type,1
cc2_remove_bline,,108,Remove Enterprise2,same_type_step+1,0
cc2_remove_bline,,108,Remove Enterprise2,downgrade_type,1
cc2_remove_bline,,108,Remove Enterprise2,unrelated_type,1
cc2_remove_bline,,111,Remove Op_Server0,same_type_step+1,0
cc2_remove_bline,,111,Remove Op_Server0,downgrade_type,1
cc2_remove_bline,,111,Remove Op_Server0,unrelated_type,1
cc2_restore_bline,,3,Restore User3,same_type_step+1,0
cc2_restore_bline,,3,Restore User3,downgrade_type,1
cc2_restore_bline,,3,Restore User3,unrelated_type,1
cc2_restore_bline,,5,Restore User3,same_type_step+1,0
cc2_restore_bline,,5,Restore User3,downgrade_type,1
cc2_restore_bline,,5,Restore User3,unrelated_type,1
cc2_restore_bline,,8,Restore User3,same_type_step+1,0
cc2_restore_bline,,8,Restore User3,downgrade_type,1
cc2_restore_bline,,8,Restore User3,unrelated_type,1
cc2_restore_bline,,10,Restore User3,same_type_step+1,0
cc2_restore_bline,,10,Restore User3,downgrade_type,1
cc2_restore_bline,,10,Restore User3,unrelated_type,1
cc2_restore_bline,,13,Restore User3,same_type_step+1,0
cc2_restore_bline,,13,Restore User3,downgrade_type,1
cc2_restore_bline,,13,Restore User3,unrelated_type,1
cc2_restore_bline,,15,Restore User3,same_type_step+1,0
cc2_restore_bline,,15,Restore User3,downgrade_type,1
cc2_restore_bline,,15,Restore User3,unrelated_type,1
cc2_restore_bline,,17,Restore User3,same_type_step+1,0
cc2_restore_bline,,17,Restore User3,downgrade_type,1
cc2_restore_bline,,17,Restore User3,unrelated_type,1
cc2_restore_bline,,20,Restore User3,same_type_step+1,0
cc2_restore_bline,,20,Restore User3,downgrade_type,1
cc2_restore_bline,,20,Restore User3,unrelated_type,1
cc2_restore_bline,,22,Restore User3,same_type_step+1,0
cc2_restore_bline,,22,Restore User3,downgrade_type,1
cc2_restore_bline,,22,Restore User3,unrelated_type,1
cc2_restore_bline,,24,Restore User3,same_type_step+1,0
cc2_restore_bline,,24,Restore User3,downgrade_type,1
cc2_restore_bline,,24,Restore User3,unrelated_type,1
cc2_restore_bline,,27,Restore User3,same_type_step+1,0
cc2_restore_bline,,27,Restore User3,downgrade_type,1
cc2_restore_bline,,27,Restore User3,unrelated_type,1
cc2_restore_bline,,29,Restore User3,same_type_step+1,0
cc2_restore_bline,,29,Restore User3,downgrade_type,1
cc2_restore_bline,,29,Restore User3,unrelated_type,1
cc2_restore_bline,,31,Restore User3,same_type_step+1,0
cc2_restore_bline,,31,Restore User3,downgrade_type,1
cc2_restore_bline,,31,Restore User3,unrelated_type,1
cc2_restore_bline,,34,Restore User3,same_type_step+1,0
cc2_restore_bline,,34,Restore User3,downgrade_type,1
cc2_restore_bline,,34,Restore User3,unrelated_type,1
cc2_restore_bline,,36,Restore User3,same_type_step+1,0
cc2_restore_bline,,36,Restore User3,downgrade_type,1
cc2_restore_bline,,36,Restore User3,unrelated_type,1
cc2_restore_bline,,38,Restore User3,same_type_step+1,0
cc2_restore_bline,,38,Restore User3,downgrade_type,1
cc2_restore_bline,,38,Restore User3,unrelated_type,1
cc2_restore_bline,,42,Restore User3,same_type_step+1,0
cc2_restore_bline,,42,Restore User3,downgrade_type,1
cc2_restore_bline,,42,Restore User3,unrelated_type,1
cc2_restore_bline,,44,Restore User3,same_type_step+1,0
cc2_restore_bline,,44,Restore User3,downgrade_type,1
cc2_restore_bline,,44,Restore User3,unrelated_type,1
cc2_restore_bline,,52,Restore User3,same_type_step+1,0
cc2_restore_bline,,52,Restore User3,downgrade_type,1
cc2_restore_bline,,52,Restore User3,unrelated_type,1
cc2_restore_bline,,54,Restore User3,same_type_step+1,0
cc2_restore_bline,,54,Restore User3,downgrade_type,1
cc2_restore_bline,,54,Restore User3,unrelated_type,1
cc2_restore_bline,,56,Restore User3,same_type_step+1,0
cc2_restore_bline,,56,Restore User3,downgrade_type,1
cc2_restore_bline,,56,Restore User3,unrelated_type,1
cc2_restore_bline,,58,Restore User3,same_type_step+1,0
cc2_restore_bline,,58,Restore User3,downgrade_type,1
cc2_restore_bline,,58,Restore User3,unrelated_type,1
cc2_restore_bline,,61,Restore User3,same_type_step+1,0
cc2_restore_bline,,61,Restore User3,downgrade_type,1
cc2_restore_bline,,61,Restore User3,unrelated_type,1
cc2_restore_bline,,65,Restore User3,same_type_step+1,0
cc2_restore_bline,,65,Restore User3,downgrade_type,1
cc2_restore_bline,,65,Restore User3,unrelated_type,1
cc2_restore_bline,,67,Restore User3,same_type_step+1,0
cc2_restore_bline,,67,Restore User3,downgrade_type,1
cc2_restore_bline,,67,Restore User3,unrelated_type,1
cc2_restore_bline,,69,Restore User3,same_type_step+1,0
cc2_restore_bline,,69,Restore User3,downgrade_type,1
cc2_restore_bline,,69,Restore User3,unrelated_type,1
cc2_restore_bline,,71,Restore User3,same_type_step+1,0
cc2_restore_bline,,71,Restore User3,downgrade_type,1
cc2_restore_bline,,71,Restore User3,unrelated_type,1
cc2_restore_bline,,73,Restore User3,same_type_step+1,0
cc2_restore_bline,,73,Restore User3,downgrade_type,1
cc2_restore_bline,,73,Restore User3,unrelated_type,1
cc2_restore_bline,,75,Restore User3,same_type_step+1,0
cc2_restore_bline,,75,Restore User3,downgrade_type,1
cc2_restore_bline,,75,Restore User3,unrelated_type,1
cc2_restore_bline,,77,Restore User3,same_type_step+1,0
cc2_restore_bline,,77,Restore User3,downgrade_type,1
cc2_restore_bline,,77,Restore User3,unrelated_type,1
cc2_restore_bline,,79,Restore User3,same_type_step+1,0
cc2_restore_bline,,79,Restore User3,downgrade_type,1
cc2_restore_bline,,79,Restore User3,unrelated_type,1
cc2_restore_bline,,81,Restore User3,same_type_step+1,0
cc2_restore_bline,,81,Restore User3,downgrade_type,1
cc2_restore_bline,,81,Restore User3,unrelated_type,1
cc2_restore_bline,,83,Restore User3,same_type_step+1,0
cc2_restore_bline,,83,Restore User3,downgrade_type,1
cc2_restore_bline,,83,Restore User3,unrelated_type,1
cc2_restore_bline,,85,Restore User3,same_type_step+1,0
cc2_restore_bline,,85,Restore User3,downgrade_type,1
cc2_restore_bline,,85,Restore User3,unrelated_type,1
cc2_restore_bline,,89,Restore User3,same_type_step+1,0
cc2_restore_bline,,89,Restore User3,downgrade_type,1
cc2_restore_bline,,89,Restore User3,unrelated_type,1
cc2_restore_bline,,91,Restore User3,same_type_step+1,0
cc2_restore_bline,,91,Restore User3,downgrade_type,1
cc2_restore_bline,,91,Restore User3,unrelated_type,1
cc2_restore_bline,,93,Restore User3,same_type_step+1,0
cc2_restore_bline,,93,Restore User3,downgrade_type,1
cc2_restore_bline,,93,Restore User3,unrelated_type,1
cc2_restore_bline,,98,Restore Enterprise0,same_type_step+1,0
cc2_restore_bline,,98,Restore Enterprise0,downgrade_type,1
cc2_restore_bline,,98,Restore Enterprise0,unrelated_type,1
cc2_restore_bline,,100,Restore Enterprise0,same_type_step+1,0
cc2_restore_bline,,100,Restore Enterprise0,downgrade_type,1
cc2_restore_bline,,100,Restore Enterprise0,unrelated_type,1
cc2_restore_bline,,102,Restore Enterprise0,same_type_step+1,0
cc2_restore_bline,,102,Restore Enterprise0,downgrade_type,1
cc2_restore_bline,,102,Restore Enterprise0,unrelated_type,1
cc2_restore_bline,,104,Restore Enterprise0,same_type_step+1,0
cc2_restore_bline,,104,Restore Enterprise0,downgrade_type,1
cc2_restore_bline,,104,Restore Enterprise0,unrelated_type,1
cc2_restore_bline,,106,Restore Enterprise0,same_type_step+1,0
cc2_restore_bline,,106,Restore Enterprise0,downgrade_type,1
cc2_restore_bline,,106,Restore Enterprise0,unrelated_type,1
cc2_restore_bline,,108,Restore Enterprise0,same_type_step+1,0
cc2_restore_bline,,108,Restore Enterprise0,downgrade_type,1
cc2_restore_bline,,108,Restore Enterprise0,unrelated_type,1
cc2_restore_bline,,110,Restore Enterprise0,same_type_step+1,0
cc2_restore_bline,,110,Restore Enterprise0,downgrade_type,1
cc2_restore_bline,,110,Restore Enterprise0,unrelated_type,1
cc2_restore_bline,,112,Restore Enterprise0,same_type_step+1,0
cc2_restore_bline,,112,Restore Enterprise0,downgrade_type,1
cc2_restore_bline,,112,Restore Enterprise0,unrelated_type,1
cc2_restore_bline,,114,Restore Enterprise0,same_type_step+1,0
cc2_restore_bline,,114,Restore Enterprise0,downgrade_type,1
cc2_restore_bline,,114,Restore Enterprise0,unrelated_type,1
cc2_restore_bline,,116,Restore Enterprise0,same_type_step+1,0
cc2_restore_bline,,116,Restore Enterprise0,downgrade_type,1
cc2_restore_bline,,116,Restore Enterprise0,unrelated_type,1
cc2_restore_bline,,118,Restore Enterprise0,same_type_step+1,0
cc2_restore_bline,,118,Restore Enterprise0,downgrade_type,1
cc2_restore_bline,,118,Restore Enterprise0,unrelated_type,1
cc2_restore_bline,,120,Restore Enterprise0,same_type_step+1,0
cc2_restore_bline,,120,Restore Enterprise0,downgrade_type,1
cc2_restore_bline,,120,Restore Enterprise0,unrelated_type,1
cc2_restore_bline,,122,Restore Enterprise0,same_type_step+1,0
cc2_restore_bline,,122,Restore Enterprise0,downgrade_type,1
cc2_restore_bline,,122,Restore Enterprise0,unrelated_type,1
cc2_restore_bline,,124,Restore Enterprise0,same_type_step+1,0
cc2_restore_bline,,124,Restore Enterprise0,downgrade_type,1
cc2_restore_bline,,124,Restore Enterprise0,unrelated_type,1
cc2_restore_bline,,126,Restore Enterprise0,same_type_step+1,0
cc2_restore_bline,,126,Restore Enterprise0,downgrade_type,1
cc2_restore_bline,,126,Restore Enterprise0,unrelated_type,1
cc2_restore_bline,,128,Restore Enterprise0,same_type_step+1,0
cc2_restore_bline,,128,Restore Enterprise0,downgrade_type,1
cc2_restore_bline,,128,Restore Enterprise0,unrelated_type,1
cc2_restore_bline,,130,Restore Enterprise0,same_type_step+1,0
cc2_restore_bline,,130,Restore Enterprise0,downgrade_type,1
cc2_restore_bline,,130,Restore Enterprise0,unrelated_type,1
cc2_restore_bline,,132,Restore Enterprise0,same_type_step+1,0
cc2_restore_bline,,132,Restore Enterprise0,downgrade_type,1
cc2_restore_bline,,132,Restore Enterprise0,unrelated_type,1
cc2_restore_bline,,134,Restore Enterprise0,same_type_step+1,0
cc2_restore_bline,,134,Restore Enterprise0,downgrade_type,1
cc2_restore_bline,,134,Restore Enterprise0,unrelated_type,1
cc2_restore_bline,,136,Restore Enterprise0,same_type_step+1,0
cc2_restore_bline,,136,Restore Enterprise0,downgrade_type,1
cc2_restore_bline,,136,Restore Enterprise0,unrelated_type,1
cc2_restore_bline,,138,Restore Enterprise0,same_type_step+1,0
cc2_restore_bline,,138,Restore Enterprise0,downgrade_type,1
cc2_restore_bline,,138,Restore Enterprise0,unrelated_type,1
cc2_restore_bline,,140,Restore Enterprise0,same_type_step+1,0
cc2_restore_bline,,140,Restore Enterprise0,downgrade_type,1
cc2_restore_bline,,140,Restore Enterprise0,unrelated_type,1
cc2_restore_bline,,142,Restore Enterprise0,same_type_step+1,0
cc2_restore_bline,,142,Restore Enterprise0,downgrade_type,1
cc2_restore_bline,,142,Restore Enterprise0,unrelated_type,1
cc2_restore_bline,,144,Restore Enterprise0,same_type_step+1,0
cc2_restore_bline,,144,Restore Enterprise0,downgrade_type,1
cc2_restore_bline,,144,Restore Enterprise0,unrelated_type,1
cc2_restore_bline,,146,Restore Enterprise0,same_type_step+1,0
cc2_restore_bline,,146,Restore Enterprise0,downgrade_type,1
cc2_restore_bline,,146,Restore Enterprise0,unrelated_type,1
cc2_restore_bline,,148,Restore Enterprise0,same_type_step+1,0
cc2_restore_bline,,148,Restore Enterprise0,downgrade_type,1
cc2_restore_bline,,148,Restore Enterprise0,unrelated_type,1
cc2_restore_bline,,150,Restore Enterprise0,same_type_step+1,0
cc2_restore_bline,,150,Restore Enterprise0,downgrade_type,1
cc2_restore_bline,,150,Restore Enterprise0,unrelated_type,1
cc2_restore_bline,,152,Restore Enterprise0,same_type_step+1,0
cc2_restore_bline,,152,Restore Enterprise0,downgrade_type,1
cc2_restore_bline,,152,Restore Enterprise0,unrelated_type,1
cc2_restore_bline,,154,Restore Enterprise0,same_type_step+1,0
cc2_restore_bline,,154,Restore Enterprise0,downgrade_type,1
cc2_restore_bline,,154,Restore Enterprise0,unrelated_type,1
cc2_restore_bline,,156,Restore Enterprise0,same_type_step+1,0
cc2_restore_bline,,156,Restore Enterprise0,downgrade_type,1
cc2_restore_bline,,156,Restore Enterprise0,unrelated_type,1
cc2_restore_bline,,158,Restore Enterprise0,same_type_step+1,0
cc2_restore_bline,,158,Restore Enterprise0,downgrade_type,1
cc2_restore_bline,,158,Restore Enterprise0,unrelated_type,1
cc2_restore_bline,,160,Restore Enterprise0,same_type_step+1,0
cc2_restore_bline,,160,Restore Enterprise0,downgrade_type,1
cc2_restore_bline,,160,Restore Enterprise0,unrelated_type,1
cc2_restore_bline,,162,Restore Enterprise0,same_type_step+1,0
cc2_restore_bline,,162,Restore Enterprise0,downgrade_type,1
cc2_restore_bline,,162,Restore Enterprise0,unrelated_type,1
cc2_restore_bline,,164,Restore Enterprise0,same_type_step+1,0
cc2_restore_bline,,164,Restore Enterprise0,downgrade_type,1
cc2_restore_bline,,164,Restore Enterprise0,unrelated_type,1
cc2_restore_bline,,166,Restore Enterprise0,same_type_step+1,0
cc2_restore_bline,,166,Restore Enterprise0,downgrade_type,1
cc2_restore_bline,,166,Restore Enterprise0,unrelated_type,1
cc2_restore_bline,,168,Restore Enterprise0,same_type_step+1,0
cc2_restore_bline,,168,Restore Enterprise0,downgrade_type,1
cc2_restore_bline,,168,Restore Enterprise0,unrelated_type,1
cc2_restore_bline,,170,Restore Enterprise0,same_type_step+1,0
cc2_restore_bline,,170,Restore Enterprise0,downgrade_type,1
cc2_restore_bline,,170,Restore Enterprise0,unrelated_type,1
cc2_restore_bline,,172,Restore Enterprise0,same_type_step+1,0
cc2_restore_bline,,172,Restore Enterprise0,downgrade_type,1
cc2_restore_bline,,172,Restore Enterprise0,unrelated_type,1
cc2_restore_bline,,174,Restore Enterprise0,same_type_step+1,0
cc2_restore_bline,,174,Restore Enterprise0,downgrade_type,1
cc2_restore_bline,,174,Restore Enterprise0,unrelated_type,1
cc2_restore_bline,,176,Restore Enterprise0,same_type_step+1,0
cc2_restore_bline,,176,Restore Enterprise0,downgrade_type,1
cc2_restore_bline,,176,Restore Enterprise0,unrelated_type,1
cc2_restore_bline,,178,Restore Enterprise0,same_type_step+1,0
cc2_restore_bline,,178,Restore Enterprise0,downgrade_type,1
cc2_restore_bline,,178,Restore Enterprise0,unrelated_type,1
cc2_restore_bline,,180,Restore Enterprise0,same_type_step+1,0
cc2_restore_bline,,180,Restore Enterprise0,downgrade_type,1
cc2_restore_bline,,180,Restore Enterprise0,unrelated_type,1
cc2_restore_bline,,182,Restore Enterprise0,same_type_step+1,0
cc2_restore_bline,,182,Restore Enterprise0,downgrade_type,1
cc2_restore_bline,,182,Restore Enterprise0,unrelated_type,1
cc2_restore_bline,,184,Restore Enterprise0,same_type_step+1,0
cc2_restore_bline,,184,Restore Enterprise0,downgrade_type,1
cc2_restore_bline,,184,Restore Enterprise0,unrelated_type,1
cc2_restore_bline,,186,Restore Enterprise0,same_type_step+1,0
cc2_restore_bline,,186,Restore Enterprise0,downgrade_type,1
cc2_restore_bline,,186,Restore Enterprise0,unrelated_type,1
cc2_restore_bline,,188,Restore Enterprise0,same_type_step+1,0
cc2_restore_bline,,188,Restore Enterprise0,downgrade_type,1
cc2_restore_bline,,188,Restore Enterprise0,unrelated_type,1
cc2_restore_bline,,190,Restore Enterprise0,same_type_step+1,0
cc2_restore_bline,,190,Restore Enterprise0,downgrade_type,1
cc2_restore_bline,,190,Restore Enterprise0,unrelated_type,1
cc2_restore_bline,,192,Restore Enterprise0,same_type_step+1,0
cc2_restore_bline,,192,Restore Enterprise0,downgrade_type,1
cc2_restore_bline,,192,Restore Enterprise0,unrelated_type,1
cc2_restore_bline,,194,Restore Enterprise0,same_type_step+1,0
cc2_restore_bline,,194,Restore Enterprise0,downgrade_type,1
cc2_restore_bline,,194,Restore Enterprise0,unrelated_type,1
cc2_restore_bline,,196,Restore Enterprise0,same_type_step+1,0
cc2_restore_bline,,196,Restore Enterprise0,downgrade_type,1
cc2_restore_bline,,196,Restore Enterprise0,unrelated_type,1
cc2_restore_bline,,198,Restore Enterprise0,same_type_step+1,0
cc2_restore_bline,,198,Restore Enterprise0,downgrade_type,1
cc2_restore_bline,,198,Restore Enterprise0,unrelated_type,1
cc2_restore_bline,,200,Restore Enterprise0,same_type_step+1,0
cc2_restore_bline,,200,Restore Enterprise0,downgrade_type,1
cc2_restore_bline,,200,Restore Enterprise0,unrelated_type,1
cc2_restore_bline,,202,Restore Enterprise0,same_type_step+1,0
cc2_restore_bline,,202,Restore Enterprise0,downgrade_type,1
cc2_restore_bline,,202,Restore Enterprise0,unrelated_type,1
cc2_restore_bline,,204,Restore Enterprise0,same_type_step+1,0
cc2_restore_bline,,204,Restore Enterprise0,downgrade_type,1
cc2_restore_bline,,204,Restore Enterprise0,unrelated_type,1
cc2_restore_bline,,206,Restore Enterprise0,same_type_step+1,0
cc2_restore_bline,,206,Restore Enterprise0,downgrade_type,1
cc2_restore_bline,,206,Restore Enterprise0,unrelated_type,1
cc2_restore_bline,,208,Restore Enterprise0,same_type_step+1,0
cc2_restore_bline,,208,Restore Enterprise0,downgrade_type,1
cc2_restore_bline,,208,Restore Enterprise0,unrelated_type,1
cc2_restore_bline,,210,Restore Enterprise0,same_type_step+1,0
cc2_restore_bline,,210,Restore Enterprise0,downgrade_type,1
cc2_restore_bline,,210,Restore Enterprise0,unrelated_type,1
cc2_restore_bline,,212,Restore Enterprise0,same_type_step+1,0
cc2_restore_bline,,212,Restore Enterprise0,downgrade_type,1
cc2_restore_bline,,212,Restore Enterprise0,unrelated_type,1
cc2_restore_bline,,214,Restore Enterprise0,same_type_step+1,0
cc2_restore_bline,,214,Restore Enterprise0,downgrade_type,1
cc2_restore_bline,,214,Restore Enterprise0,unrelated_type,1
cc2_restore_bline,,216,Restore Enterprise0,same_type_step+1,0
cc2_restore_bline,,216,Restore Enterprise0,downgrade_type,1
cc2_restore_bline,,216,Restore Enterprise0,unrelated_type,1
cc2_restore_bline,,218,Restore Enterprise0,same_type_step+1,0
cc2_restore_bline,,218,Restore Enterprise0,downgrade_type,1
cc2_restore_bline,,218,Restore Enterprise0,unrelated_type,1
cc2_restore_bline,,220,Restore Enterprise0,same_type_step+1,0
cc2_restore_bline,,220,Restore Enterprise0,downgrade_type,1
cc2_restore_bline,,220,Restore Enterprise0,unrelated_type,1
cc2_restore_bline,,222,Restore Enterprise0,same_type_step+1,0
cc2_restore_bline,,222,Restore Enterprise0,downgrade_type,1
cc2_restore_bline,,222,Restore Enterprise0,unrelated_type,1
cc2_restore_bline,,224,Restore Enterprise0,same_type_step+1,0
cc2_restore_bline,,224,Restore Enterprise0,downgrade_type,1
cc2_restore_bline,,224,Restore Enterprise0,unrelated_type,1
cc2_restore_bline,,226,Restore Enterprise0,same_type_step+1,0
cc2_restore_bline,,226,Restore Enterprise0,downgrade_type,1
cc2_restore_bline,,226,Restore Enterprise0,unrelated_type,1
cc2_restore_bline,,228,Restore Enterprise0,same_type_step+1,0
cc2_restore_bline,,228,Restore Enterprise0,downgrade_type,1
cc2_restore_bline,,228,Restore Enterprise0,unrelated_type,1
cc2_restore_bline,,230,Restore Enterprise0,same_type_step+1,0
cc2_restore_bline,,230,Restore Enterprise0,downgrade_type,1
cc2_restore_bline,,230,Restore Enterprise0,unrelated_type,1
cc2_restore_bline,,232,Restore Enterprise0,same_type_step+1,0
cc2_restore_bline,,232,Restore Enterprise0,downgrade_type,1
cc2_restore_bline,,232,Restore Enterprise0,unrelated_type,1
cc2_restore_bline,,234,Restore Enterprise0,same_type_step+1,0
cc2_restore_bline,,234,Restore Enterprise0,downgrade_type,1
cc2_restore_bline,,234,Restore Enterprise0,unrelated_type,1
cc2_restore_bline,,236,Restore Enterprise0,same_type_step+1,0
cc2_restore_bline,,236,Restore Enterprise0,downgrade_type,1
cc2_restore_bline,,236,Restore Enterprise0,unrelated_type,1
cc2_restore_bline,,238,Restore Enterprise0,same_type_step+1,0
cc2_restore_bline,,238,Restore Enterprise0,downgrade_type,1
cc2_restore_bline,,238,Restore Enterprise0,unrelated_type,1
cc2_restore_bline,,240,Restore Enterprise0,same_type_step+1,0
cc2_restore_bline,,240,Restore Enterprise0,downgrade_type,1
cc2_restore_bline,,240,Restore Enterprise0,unrelated_type,1
cc2_restore_bline,,242,Restore Enterprise0,same_type_step+1,0
cc2_restore_bline,,242,Restore Enterprise0,downgrade_type,1
cc2_restore_bline,,242,Restore Enterprise0,unrelated_type,1
cc2_restore_bline,,244,Restore Enterprise0,same_type_step+1,0
cc2_restore_bline,,244,Restore Enterprise0,downgrade_type,1
cc2_restore_bline,,244,Restore Enterprise0,unrelated_type,1
cc2_restore_bline,,246,Restore Enterprise0,same_type_step+1,0
cc2_restore_bline,,246,Restore Enterprise0,downgrade_type,1
cc2_restore_bline,,246,Restore Enterprise0,unrelated_type,1
cc2_restore_bline,,248,Restore Enterprise0,same_type_step+1,0
cc2_restore_bline,,248,Restore Enterprise0,downgrade_type,1
cc2_restore_bline,,248,Restore Enterprise0,unrelated_type,1
cc2_restore_bline,,250,Restore Enterprise0,same_type_step+1,0
cc2_restore_bline,,250,Restore Enterprise0,downgrade_type,1
cc2_restore_bline,,250,Restore Enterprise0,unrelated_type,1
cc2_restore_bline,,252,Restore Enterprise0,same_type_step+1,0
cc2_restore_bline,,252,Restore Enterprise0,downgrade_type,1
cc2_restore_bline,,252,Restore Enterprise0,unrelated_type,1
cc2_restore_bline,,254,Restore Enterprise0,same_type_step+1,0
cc2_restore_bline,,254,Restore Enterprise0,downgrade_type,1
cc2_restore_bline,,254,Restore Enterprise0,unrelated_type,1
cc2_restore_bline,,256,Restore Enterprise0,same_type_step+1,0
cc2_restore_bline,,256,Restore Enterprise0,downgrade_type,1
cc2_restore_bline,,256,Restore Enterprise0,unrelated_type,1
cc2_restore_bline,,258,Restore Enterprise0,same_type_step+1,0
cc2_restore_bline,,258,Restore Enterprise0,downgrade_type,1
cc2_restore_bline,,258,Restore Enterprise0,unrelated_type,1
cc2_restore_bline,,260,Restore Enterprise0,same_type_step+1,0
cc2_restore_bline,,260,Restore Enterprise0,downgrade_type,1
cc2_restore_bline,,260,Restore Enterprise0,unrelated_type,1
cc2_restore_bline,,262,Restore Enterprise0,same_type_step+1,0
cc2_restore_bline,,262,Restore Enterprise0,downgrade_type,1
cc2_restore_bline,,262,Restore Enterprise0,unrelated_type,1
cc2_restore_bline,,264,Restore Enterprise0,same_type_step+1,0
cc2_restore_bline,,264,Restore Enterprise0,downgrade_type,1
cc2_restore_bline,,264,Restore Enterprise0,unrelated_type,1
cc2_restore_bline,,266,Restore Enterprise0,same_type_step+1,0
cc2_restore_bline,,266,Restore Enterprise0,downgrade_type,1
cc2_restore_bline,,266,Restore Enterprise0,unrelated_type,1
cc2_restore_bline,,268,Restore Enterprise0,same_type_step+1,0
cc2_restore_bline,,268,Restore Enterprise0,downgrade_type,1
cc2_restore_bline,,268,Restore Enterprise0,unrelated_type,1
cc2_restore_bline,,270,Restore Enterprise0,same_type_step+1,0
cc2_restore_bline,,270,Restore Enterprise0,downgrade_type,1
cc2_restore_bline,,270,Restore Enterprise0,unrelated_type,1
cc2_restore_bline,,272,Restore Enterprise0,same_type_step+1,0
cc2_restore_bline,,272,Restore Enterprise0,downgrade_type,1
cc2_restore_bline,,272,Restore Enterprise0,unrelated_type,1
cc2_restore_bline,,274,Restore Enterprise0,same_type_step+1,0
cc2_restore_bline,,274,Restore Enterprise0,downgrade_type,1
cc2_restore_bline,,274,Restore Enterprise0,unrelated_type,1
cc2_restore_bline,,276,Restore Enterprise0,same_type_step+1,0
cc2_restore_bline,,276,Restore Enterprise0,downgrade_type,1
cc2_restore_bline,,276,Restore Enterprise0,unrelated_type,1
cc2_restore_bline,,278,Restore Enterprise0,same_type_step+1,0
cc2_restore_bline,,278,Restore Enterprise0,downgrade_type,1
cc2_restore_bline,,278,Restore Enterprise0,unrelated_type,1
cc2_restore_bline,,280,Restore Enterprise0,same_type_step+1,0
cc2_restore_bline,,280,Restore Enterprise0,downgrade_type,1
cc2_restore_bline,,280,Restore Enterprise0,unrelated_type,1
cc2_restore_bline,,282,Restore Enterprise0,same_type_step+1,0
cc2_restore_bline,,282,Restore Enterprise0,downgrade_type,1
cc2_restore_bline,,282,Restore Enterprise0,unrelated_type,1
cc2_restore_bline,,284,Restore Enterprise0,same_type_step+1,0
cc2_restore_bline,,284,Restore Enterprise0,downgrade_type,1
cc2_restore_bline,,284,Restore Enterprise0,unrelated_type,1
cc2_restore_bline,,286,Restore Enterprise0,same_type_step+1,0
cc2_restore_bline,,286,Restore Enterprise0,downgrade_type,1
cc2_restore_bline,,286,Restore Enterprise0,unrelated_type,1
cc2_restore_bline,,288,Restore Enterprise0,same_type_step+1,0
cc2_restore_bline,,288,Restore Enterprise0,downgrade_type,1
cc2_restore_bline,,288,Restore Enterprise0,unrelated_type,1
cc2_restore_bline,,290,Restore Enterprise0,same_type_step+1,0
cc2_restore_bline,,290,Restore Enterprise0,downgrade_type,1
cc2_restore_bline,,290,Restore Enterprise0,unrelated_type,1
cc2_restore_bline,,292,Restore Enterprise0,same_type_step+1,0
cc2_restore_bline,,292,Restore Enterprise0,downgrade_type,1
cc2_restore_bline,,292,Restore Enterprise0,unrelated_type,1
cc2_restore_bline,,294,Restore Enterprise0,same_type_step+1,0
cc2_restore_bline,,294,Restore Enterprise0,downgrade_type,1
cc2_restore_bline,,294,Restore Enterprise0,unrelated_type,1
cc2_restore_bline,,296,Restore Enterprise0,same_type_step+1,0
cc2_restore_bline,,296,Restore Enterprise0,downgrade_type,1
cc2_restore_bline,,296,Restore Enterprise0,unrelated_type,1
cc2_restore_bline,,298,Restore Enterprise0,same_type_step+1,0
cc2_restore_bline,,298,Restore Enterprise0,downgrade_type,1
cc2_restore_bline,,298,Restore Enterprise0,unrelated_type,1
